{"test_tn":827,"train_tn":4002,"val_ks_statistic":0.8533333333333333,"val_tn":827,"test_eer_threshold":5.219817161560059,"train_fbeta":0.9528571428571428,"train_ks_statistic":0.9083333333333333,"train_fp":198,"test_fp":73,"_timestamp":1.7342857551045055e+09,"val_fbeta":0.9196855775803144,"train_eer":0.047142857142857146,"test_eer":0.08,"train_eer_threshold":5.420419692993164,"val_eer_threshold":5.190889358520508,"train_fn":198,"test_fbeta":0.9196855775803144,"_runtime":697.256262441,"train_tp":4002,"_wandb":{"runtime":697},"test_optimal_threshold":5.440132141113281,"test_fn":72,"val_fp":73,"val_tp":828,"epoch":14,"train_loss":0.010554022466142973,"test_ks_statistic":0.8488888888888888,"_step":15,"test_tp":828,"val_loss":0.05910510492735896,"val_fn":72,"val_optimal_threshold":5.391797065734863,"train_optimal_threshold":5.585887908935547,"val_eer":0.0811111111111111}