{"eer": 0.8666666666666667, "fbeta": 0.914572864321608, "_timestamp": 1731100106.5310051, "_runtime": 13.281260251998901, "_step": 0, "_wandb": {"runtime": 13}}