eer,eer_threshold,fbeta,ks_statistic,optimal_threshold,TP,FP,FN,TN
0.3333333333333333,2.6237035,0.6532663316582915,0.4666666666666667,2.8963592,10,6,5,9
