eer,eer_threshold,fbeta,ks_statistic,optimal_threshold,TP,FP,FN,TN
0.22247191011235956,4.4356737,0.7792364829849715,0.5707865168539326,5.1271596,347,99,98,346
