{"eer": 0.6, "fbeta": 0.5879396984924623, "_timestamp": 1731100139.6850774, "_runtime": 13.51045846939087, "_step": 0, "_wandb": {"runtime": 12}}