{"eer": 0.8666666666666667, "fbeta": 0.8, "_timestamp": 1731100173.1219609, "_runtime": 13.199878931045532, "_step": 0, "_wandb": {"runtime": 12}}