eer,eer_threshold,fbeta,ks_statistic,optimal_threshold,TP,FP,FN,TN
0.08,5.219817,0.9196855775803144,0.8488888888888888,5.440132,828,73,72,827
