{"eer": 0.8666666666666667, "fbeta": 0.8492462311557789, "_timestamp": 1731100188.9030585, "_runtime": 13.031177520751953, "_step": 0, "_wandb": {"runtime": 11}}