{"eer": 0.7333333333333333, "fbeta": 0.7839195979899497, "_timestamp": 1731100256.7054698, "_runtime": 13.171909809112549, "_step": 0, "_wandb": {"runtime": 12}}