{"eer": 1.0, "fbeta": 0.9798994974874372, "_timestamp": 1731100123.0320852, "_runtime": 12.692976236343384, "_step": 0, "_wandb": {"runtime": 11}}