eer,eer_threshold,fbeta,ks_statistic,optimal_threshold,TP,FP,FN,TN
0.25733634311512416,1.3329946,0.7444039562727746,0.5372460496613995,1.9616429,330,114,113,329
