eer,eer_threshold,fbeta,ks_statistic,optimal_threshold,TP,FP,FN,TN
0.01,0.65514445,0.9907723855092276,0.9866666666666667,0.77556354,892,9,8,891
