eer,eer_threshold,fbeta,ks_statistic,optimal_threshold,TP,FP,FN,TN
0.3405698778833107,0.7761636,0.6591549295774648,0.3649932157394844,2.0274944,486,252,251,485
