{"eer": 0.8, "fbeta": 0.8492462311557789, "_timestamp": 1731100239.3797421, "_runtime": 13.779083251953125, "_step": 0, "_wandb": {"runtime": 12}}