{"eer": 0.8666666666666667, "fbeta": 0.8, "_timestamp": 1731100205.838039, "_runtime": 13.857252836227417, "_step": 0, "_wandb": {"runtime": 12}}