{"eer": 0.8666666666666667, "fbeta": 0.8492462311557789, "_timestamp": 1731100222.7424574, "_runtime": 13.592611312866211, "_step": 0, "_wandb": {"runtime": 12}}