batch_size,learning_rate,optimizer,momentum,weight_decay,num_epochs,eer,fbeta,ks_statistic_val,optimal_threshold_val
32,0.09357784797853008,Adam,,0.02388012903799602,17,0.13333333333333333,0.7101751459549625,0.026666666666666672,0.4183953
80,0.0013391054602869333,Adam,,0.000964869843283639,17,0.5466666666666666,0.5522006141248721,0.02666666666666667,160.4394
96,2.6419135291974136e-05,Adam,,0.013286304026892591,17,0.8733333333333333,0.8733333333333333,0.0,inf
64,0.01388190139857895,Adam,,2.2648681379098252e-05,28,0.0,0.7647058823529411,0.0,inf
32,0.009838716980810949,Adam,,0.0014360410669715668,26,0.31333333333333335,0.666966696669667,0.013333333333333336,0.3378514
