eer,eer_threshold,fbeta,ks_statistic,optimal_threshold,TP,FP,FN,TN
0.038303693570451436,0.5440794,0.9640265067844745,0.9384404924760602,0.6704912,705,27,26,704
