{"eer": 0.8666666666666667, "fbeta": 0.8492462311557789, "_timestamp": 1731100156.9642878, "_runtime": 12.997503757476807, "_step": 0, "_wandb": {"runtime": 11}}